{
  "scanning_strategy": {
    "spin_sun_angle_rad": 0.7853981633974483,
    "precession_rate_hz": 8.664850513998931e-05,
    "spin_rate_hz": 0.0008333333333333334,
    "start_time": "2027-01-01 00:00:00.000"
  },
  "detector": {
    "sampling_rate_hz": 1.0
  },
  "planet": {
    "name": "jupiter"
  }
}